"Date ","series ","OPEN ","HIGH ","LOW ","PREV. CLOSE ","ltp ","close ","vwap ","52W H ","52W L ","VOLUME ","VALUE ","No of trades "
"03-Mar-2023","EQ","891.00","892.00","877.00","886.45","878.75","878.65","882.20","1,185.25","877.00","18,92,639","1,66,96,95,512.15","1,25,476"
"02-Mar-2023","EQ","901.95","903.00","884.50","899.60","887.00","886.45","889.40","1,185.25","884.50","18,87,367","1,67,86,20,722.90","1,13,423"
"01-Mar-2023","EQ","907.80","910.25","896.00","906.40","899.90","899.60","901.74","1,185.25","896.00","34,96,231","3,15,26,89,365.50","2,29,754"
"28-Feb-2023","EQ","945.90","945.90","903.10","950.20","905.80","906.40","918.68","1,185.25","902.00","53,80,673","4,94,30,95,705.65","1,80,501"
"27-Feb-2023","EQ","965.60","968.60","948.65","961.80","951.80","950.20","956.10","1,185.25","902.00","13,77,270","1,31,68,10,820.15","62,505"
"24-Feb-2023","EQ","961.10","966.00","955.00","960.30","966.00","961.80","959.65","1,185.25","888.15","15,85,383","1,52,14,10,737.05","68,687"
"23-Feb-2023","EQ","965.00","967.45","956.00","962.55","960.00","960.30","960.84","1,185.25","888.15","12,16,409","1,16,87,73,739.05","59,818"
"22-Feb-2023","EQ","966.60","972.80","959.05","965.95","965.95","962.55","965.92","1,185.25","888.15","16,02,953","1,54,83,20,718.80","67,013"
"21-Feb-2023","EQ","969.80","979.10","963.50","964.00","971.00","965.95","971.45","1,185.25","888.15","20,42,234","1,98,39,34,466.15","86,404"
"20-Feb-2023","EQ","998.00","998.00","955.25","1,025.75","963.00","964.00","966.13","1,185.25","888.15","58,29,572","5,63,21,34,264.65","1,81,191"
"17-Feb-2023","EQ","1,035.50","1,035.75","1,021.15","1,035.50","1,027.00","1,025.75","1,025.51","1,185.25","888.15","15,09,783","1,54,82,92,635.75","73,744"
"16-Feb-2023","EQ","1,031.75","1,038.00","1,028.35","1,030.80","1,032.80","1,035.50","1,033.67","1,185.25","888.15","6,67,265","68,97,34,384.75","36,262"
"15-Feb-2023","EQ","1,026.85","1,033.45","1,016.10","1,028.35","1,029.20","1,030.80","1,026.04","1,185.25","888.15","6,62,924","68,01,86,043.45","39,120"
"14-Feb-2023","EQ","1,026.70","1,032.45","1,017.60","1,021.95","1,027.30","1,028.35","1,027.26","1,185.25","888.15","7,59,416","78,01,19,427.85","38,067"
"13-Feb-2023","EQ","1,036.00","1,040.60","1,019.00","1,033.20","1,020.15","1,021.95","1,024.76","1,185.25","888.15","10,42,379","1,06,81,88,426.00","37,207"
"10-Feb-2023","EQ","1,021.00","1,036.85","1,015.05","1,021.50","1,033.00","1,033.20","1,028.02","1,185.25","888.15","11,06,858","1,13,78,66,927.70","50,475"
"09-Feb-2023","EQ","1,025.30","1,044.60","1,020.00","1,039.10","1,021.15","1,021.50","1,028.10","1,185.25","888.15","13,31,902","1,36,93,30,475.65","65,147"
"08-Feb-2023","EQ","1,035.00","1,041.20","1,019.15","1,031.30","1,038.00","1,039.10","1,031.63","1,185.25","888.15","7,46,863","77,04,84,212.95","52,489"
"07-Feb-2023","EQ","1,029.80","1,034.85","1,021.30","1,029.80","1,028.90","1,031.30","1,029.10","1,185.25","888.15","9,65,322","99,34,08,134.45","82,233"
"06-Feb-2023","EQ","1,020.00","1,033.60","1,010.15","1,022.30","1,031.55","1,029.80","1,023.56","1,185.25","888.15","9,79,035","1,00,20,96,179.15","95,061"
"03-Feb-2023","EQ","1,022.00","1,027.80","1,010.50","1,025.30","1,024.95","1,022.30","1,020.19","1,185.25","888.15","16,17,105","1,64,97,49,403.75","75,173"
"02-Feb-2023","EQ","1,026.10","1,032.80","1,017.30","1,032.05","1,023.05","1,025.30","1,024.06","1,185.25","888.15","12,91,262","1,32,23,27,527.40","64,352"
"01-Feb-2023","EQ","1,019.00","1,035.90","1,015.10","1,017.95","1,033.00","1,032.05","1,028.82","1,185.25","888.15","15,98,213","1,64,42,74,760.75","86,267"
"31-Jan-2023","EQ","1,043.00","1,043.00","1,007.50","1,034.40","1,020.00","1,017.95","1,020.74","1,185.25","888.15","27,05,095","2,76,11,97,668.15","1,04,545"
"30-Jan-2023","EQ","1,057.00","1,057.00","1,028.50","1,047.25","1,036.50","1,034.40","1,038.72","1,185.25","888.15","21,18,395","2,20,04,16,085.40","88,199"
"27-Jan-2023","EQ","1,023.25","1,072.95","1,023.25","1,035.25","1,049.95","1,047.25","1,052.94","1,185.25","867.45","29,47,920","3,10,39,83,698.15","1,10,049"
"25-Jan-2023","EQ","1,064.90","1,068.25","1,020.00","1,062.15","1,039.00","1,035.25","1,037.62","1,185.25","867.45","22,26,483","2,31,02,34,268.10","90,962"
"24-Jan-2023","EQ","1,065.00","1,074.90","1,055.05","1,062.55","1,061.70","1,062.15","1,065.86","1,185.25","867.45","7,12,627","75,95,57,201.50","40,232"
"23-Jan-2023","EQ","1,053.40","1,064.25","1,050.70","1,053.45","1,063.75","1,062.55","1,059.19","1,185.25","867.45","7,50,581","79,50,11,566.60","45,340"
"20-Jan-2023","EQ","1,067.00","1,067.00","1,050.45","1,064.85","1,055.00","1,053.45","1,058.86","1,185.25","860.00","9,54,230","1,01,03,98,483.15","62,509"
"19-Jan-2023","EQ","1,063.50","1,069.60","1,058.55","1,063.40","1,063.45","1,064.85","1,063.73","1,185.25","860.00","3,76,954","40,09,78,102.95","32,749"
"18-Jan-2023","EQ","1,068.90","1,072.00","1,059.35","1,069.10","1,065.00","1,063.40","1,063.02","1,185.25","860.00","12,99,797","1,38,17,12,363.60","55,111"
"17-Jan-2023","EQ","1,062.80","1,071.10","1,053.35","1,059.60","1,068.90","1,069.10","1,062.76","1,185.25","860.00","7,62,941","81,08,20,869.35","40,261"
"16-Jan-2023","EQ","1,070.50","1,074.70","1,051.00","1,067.75","1,060.50","1,059.60","1,058.50","1,185.25","860.00","8,25,308","87,35,85,111.60","33,543"
"13-Jan-2023","EQ","1,064.00","1,070.60","1,053.25","1,061.15","1,068.85","1,067.75","1,063.53","1,185.25","860.00","10,89,004","1,15,81,86,781.65","39,447"
"12-Jan-2023","EQ","1,052.80","1,064.10","1,043.15","1,047.60","1,061.05","1,061.15","1,055.33","1,185.25","860.00","11,88,988","1,25,47,75,368.35","61,596"
"11-Jan-2023","EQ","1,078.70","1,083.95","1,043.00","1,078.70","1,048.60","1,047.60","1,051.05","1,185.25","860.00","21,68,577","2,27,92,72,889.45","93,186"
"10-Jan-2023","EQ","1,086.50","1,090.25","1,074.85","1,087.45","1,078.00","1,078.70","1,080.42","1,185.25","860.00","5,94,426","64,22,32,684.55","36,742"
"09-Jan-2023","EQ","1,081.75","1,096.95","1,076.90","1,076.35","1,088.30","1,087.45","1,088.81","1,185.25","860.00","8,93,437","97,27,79,119.40","45,940"
"06-Jan-2023","EQ","1,088.35","1,093.10","1,073.50","1,088.35","1,077.95","1,076.35","1,080.53","1,185.25","860.00","8,24,772","89,11,90,608.40","34,287"
"05-Jan-2023","EQ","1,075.00","1,093.20","1,067.40","1,066.90","1,090.00","1,088.35","1,083.37","1,185.25","860.00","16,05,744","1,73,96,07,766.35","46,379"
"04-Jan-2023","EQ","1,078.95","1,081.95","1,063.95","1,075.90","1,065.00","1,066.90","1,071.67","1,185.25","860.00","13,69,415","1,46,75,63,709.25","46,316"
"03-Jan-2023","EQ","1,070.05","1,080.95","1,066.40","1,070.95","1,076.90","1,075.90","1,073.55","1,185.25","860.00","9,52,230","1,02,22,62,951.00","54,247"
"02-Jan-2023","EQ","1,080.25","1,082.00","1,063.85","1,075.95","1,074.50","1,070.95","1,068.82","1,185.25","860.00","8,95,053","95,66,54,580.05","33,508"
"30-Dec-2022","EQ","1,094.95","1,095.00","1,073.50","1,087.55","1,077.00","1,075.95","1,079.48","1,185.25","860.00","11,85,711","1,27,99,49,729.40","39,215"
"29-Dec-2022","EQ","1,086.00","1,098.00","1,070.00","1,085.80","1,086.00","1,087.55","1,083.22","1,185.25","860.00","16,25,961","1,76,12,79,044.80","52,465"
"28-Dec-2022","EQ","1,094.00","1,103.15","1,084.10","1,095.85","1,086.00","1,085.80","1,090.68","1,185.25","860.00","8,72,940","95,20,95,374.20","33,036"
"27-Dec-2022","EQ","1,094.05","1,104.90","1,090.10","1,096.50","1,097.95","1,095.85","1,096.50","1,185.25","860.00","12,09,316","1,32,60,16,684.95","42,282"
"26-Dec-2022","EQ","1,127.00","1,135.00","1,094.00","1,119.15","1,097.95","1,096.50","1,107.14","1,185.25","860.00","12,79,529","1,41,66,21,693.05","46,009"
"23-Dec-2022","EQ","1,121.00","1,146.95","1,113.20","1,122.45","1,125.20","1,119.15","1,131.21","1,185.25","860.00","27,73,210","3,13,70,89,076.10","88,108"
"22-Dec-2022","EQ","1,135.00","1,147.35","1,117.05","1,128.00","1,122.00","1,122.45","1,129.86","1,185.25","860.00","20,70,809","2,33,97,30,636.90","60,299"
"21-Dec-2022","EQ","1,096.10","1,130.00","1,085.65","1,091.15","1,129.50","1,128.00","1,110.22","1,185.25","860.00","32,24,730","3,58,01,52,673.45","88,165"
"20-Dec-2022","EQ","1,096.00","1,097.40","1,088.45","1,096.65","1,093.95","1,091.15","1,090.68","1,185.25","860.00","7,95,748","86,79,04,863.25","25,202"
"19-Dec-2022","EQ","1,090.35","1,100.50","1,084.45","1,089.40","1,096.95","1,096.65","1,095.56","1,185.25","860.00","7,79,326","85,37,94,600.75","30,096"
"16-Dec-2022","EQ","1,096.30","1,108.00","1,086.10","1,101.80","1,090.35","1,089.40","1,095.11","1,185.25","850.00","13,09,491","1,43,40,39,604.25","38,338"
"15-Dec-2022","EQ","1,111.20","1,118.10","1,099.35","1,112.70","1,102.15","1,101.80","1,107.63","1,185.25","850.00","7,10,477","78,69,43,208.10","39,479"
"14-Dec-2022","EQ","1,114.00","1,119.00","1,106.15","1,109.90","1,111.20","1,112.70","1,112.42","1,185.25","850.00","10,13,627","1,12,75,77,322.45","28,750"
"13-Dec-2022","EQ","1,096.95","1,112.50","1,088.20","1,096.80","1,111.50","1,109.90","1,100.84","1,185.25","850.00","12,82,727","1,41,20,83,058.80","51,421"
"12-Dec-2022","EQ","1,105.00","1,110.00","1,093.10","1,107.90","1,096.15","1,096.80","1,097.93","1,185.25","850.00","15,44,297","1,69,55,32,976.95","55,412"
"09-Dec-2022","EQ","1,115.00","1,115.85","1,101.10","1,107.50","1,104.50","1,107.90","1,109.17","1,185.25","850.00","9,94,866","1,10,34,72,905.75","65,675"
"08-Dec-2022","EQ","1,109.20","1,113.00","1,103.15","1,105.30","1,108.05","1,107.50","1,106.72","1,185.25","850.00","8,08,315","89,45,82,025.80","48,221"
"07-Dec-2022","EQ","1,111.00","1,122.65","1,103.40","1,109.60","1,107.00","1,105.30","1,111.78","1,185.25","850.00","10,31,921","1,14,72,65,542.05","43,420"
"06-Dec-2022","EQ","1,115.00","1,117.80","1,103.40","1,115.35","1,109.90","1,109.60","1,107.40","1,185.25","850.00","11,80,968","1,30,78,04,907.40","69,595"
"05-Dec-2022","EQ","1,114.35","1,122.55","1,108.15","1,114.35","1,116.00","1,115.35","1,112.79","1,185.25","850.00","12,36,554","1,37,60,27,851.00","80,837"
"02-Dec-2022","EQ","1,124.90","1,124.90","1,099.00","1,124.90","1,120.00","1,114.35","1,109.19","1,185.25","850.00","25,86,376","2,86,87,89,758.75","79,826"
"01-Dec-2022","EQ","1,145.00","1,145.20","1,117.00","1,139.65","1,124.05","1,124.90","1,124.49","1,185.25","850.00","13,60,439","1,52,98,06,743.70","49,906"
"30-Nov-2022","EQ","1,121.15","1,149.00","1,120.00","1,121.15","1,142.90","1,139.65","1,134.28","1,185.25","850.00","26,80,903","3,04,08,90,939.95","65,176"
"29-Nov-2022","EQ","1,106.00","1,125.85","1,105.00","1,101.75","1,122.10","1,121.15","1,118.33","1,185.25","850.00","18,99,345","2,12,40,86,660.75","67,007"
"28-Nov-2022","EQ","1,100.00","1,110.00","1,094.10","1,105.35","1,101.00","1,101.75","1,100.69","1,185.25","850.00","6,73,339","74,11,39,303.95","30,030"
"25-Nov-2022","EQ","1,093.05","1,107.00","1,078.50","1,095.35","1,104.80","1,105.35","1,094.38","1,185.25","850.00","14,54,838","1,59,21,46,755.10","44,538"
"24-Nov-2022","EQ","1,113.55","1,117.65","1,092.40","1,108.00","1,097.10","1,095.35","1,099.81","1,185.25","850.00","29,33,085","3,22,58,33,539.40","48,811"
"23-Nov-2022","EQ","1,108.90","1,124.55","1,098.65","1,104.10","1,110.05","1,108.00","1,109.91","1,185.25","850.00","21,92,276","2,43,32,19,631.85","97,846"
"22-Nov-2022","EQ","1,107.45","1,109.70","1,097.20","1,104.45","1,103.95","1,104.10","1,102.73","1,185.25","850.00","13,02,811","1,43,66,43,249.25","35,794"
"21-Nov-2022","EQ","1,104.95","1,108.20","1,093.75","1,102.40","1,106.00","1,104.45","1,098.69","1,185.25","850.00","14,88,424","1,63,53,09,258.50","44,492"
"18-Nov-2022","EQ","1,124.00","1,127.05","1,099.45","1,119.50","1,103.95","1,102.40","1,108.83","1,185.25","850.00","14,86,381","1,64,81,44,236.40","53,034"
"17-Nov-2022","EQ","1,125.00","1,132.45","1,116.45","1,121.20","1,120.00","1,119.50","1,124.44","1,185.25","850.00","12,70,387","1,42,84,74,639.45","47,183"
"16-Nov-2022","EQ","1,120.95","1,136.45","1,117.25","1,118.75","1,122.45","1,121.20","1,124.52","1,185.25","850.00","16,49,021","1,85,43,53,594.15","57,329"
"15-Nov-2022","EQ","1,134.95","1,134.95","1,110.85","1,129.50","1,122.85","1,118.75","1,119.69","1,185.25","850.00","12,62,746","1,41,38,85,155.95","41,709"
"14-Nov-2022","EQ","1,124.50","1,133.60","1,118.20","1,121.40","1,129.00","1,129.50","1,124.53","1,185.25","850.00","15,01,491","1,68,84,67,384.25","56,204"
"11-Nov-2022","EQ","1,130.00","1,143.85","1,116.65","1,122.30","1,122.50","1,121.40","1,128.54","1,185.25","850.00","15,13,809","1,70,83,91,697.65","70,109"
"10-Nov-2022","EQ","1,130.00","1,152.00","1,119.00","1,129.40","1,125.00","1,122.30","1,132.98","1,185.25","850.00","20,28,565","2,29,83,30,216.60","66,938"
"09-Nov-2022","EQ","1,141.10","1,154.95","1,125.00","1,130.90","1,129.00","1,129.40","1,138.23","1,185.25","850.00","20,68,940","2,35,49,35,351.70","1,07,813"
"07-Nov-2022","EQ","1,146.10","1,152.00","1,116.50","1,146.10","1,129.45","1,130.90","1,127.68","1,185.25","850.00","20,06,468","2,26,26,57,726.15","72,492"
"04-Nov-2022","EQ","1,167.85","1,175.25","1,141.00","1,163.10","1,146.05","1,146.10","1,157.47","1,185.25","850.00","17,12,836","1,98,25,49,493.80","61,544"
"03-Nov-2022","EQ","1,152.20","1,176.00","1,151.10","1,159.25","1,165.00","1,163.10","1,165.39","1,185.25","850.00","19,92,697","2,32,22,68,998.20","39,439"
"02-Nov-2022","EQ","1,173.55","1,178.40","1,156.20","1,173.40","1,158.45","1,159.25","1,165.06","1,185.25","850.00","14,79,828","1,72,40,85,129.40","45,167"
"01-Nov-2022","EQ","1,167.50","1,185.25","1,163.60","1,167.40","1,173.00","1,173.40","1,174.46","1,185.25","850.00","14,91,658","1,75,18,91,227.70","81,893"
"31-Oct-2022","EQ","1,161.00","1,177.85","1,159.05","1,155.20","1,168.00","1,167.40","1,167.42","1,180.10","850.00","15,54,670","1,81,49,55,555.05","71,480"
"28-Oct-2022","EQ","1,169.00","1,171.80","1,151.00","1,165.90","1,154.25","1,155.20","1,161.89","1,180.10","850.00","10,87,865","1,26,39,80,513.25","56,443"
"27-Oct-2022","EQ","1,169.95","1,180.10","1,156.30","1,155.90","1,165.75","1,165.90","1,167.47","1,180.10","850.00","23,59,658","2,75,48,38,950.45","69,842"
"25-Oct-2022","EQ","1,147.00","1,164.85","1,146.90","1,146.90","1,155.05","1,155.90","1,155.52","1,164.85","850.00","22,10,622","2,55,44,18,577.65","81,996"
"24-Oct-2022","EQ","1,145.60","1,150.00","1,141.55","1,134.75","1,146.15","1,146.90","1,147.43","1,150.40","850.00","1,29,688","14,88,07,280.40","6,885"
"21-Oct-2022","EQ","1,136.80","1,148.00","1,132.50","1,136.80","1,140.20","1,134.75","1,138.41","1,150.40","850.00","13,49,759","1,53,65,76,006.85","57,114"
"20-Oct-2022","EQ","1,122.00","1,142.00","1,117.00","1,122.00","1,138.05","1,136.80","1,132.77","1,150.40","850.00","16,33,570","1,85,04,53,221.65","71,279"
"19-Oct-2022","EQ","1,131.50","1,145.00","1,119.10","1,125.85","1,123.00","1,122.00","1,130.38","1,150.40","850.00","13,00,144","1,46,96,53,449.80","58,468"
"18-Oct-2022","EQ","1,113.70","1,130.20","1,110.30","1,108.15","1,128.10","1,125.85","1,118.91","1,150.40","850.00","9,60,283","1,07,44,67,272.35","41,696"
"17-Oct-2022","EQ","1,108.00","1,113.05","1,098.80","1,108.90","1,111.40","1,108.15","1,106.70","1,150.40","850.00","10,76,392","1,19,12,41,817.80","44,314"
"14-Oct-2022","EQ","1,115.10","1,120.00","1,105.40","1,103.65","1,105.40","1,108.90","1,112.30","1,150.40","850.00","11,31,139","1,25,81,68,946.25","40,283"
"13-Oct-2022","EQ","1,108.40","1,127.85","1,101.10","1,108.45","1,103.00","1,103.65","1,111.54","1,150.40","850.00","14,38,932","1,59,94,25,304.25","75,340"
"12-Oct-2022","EQ","1,111.60","1,118.05","1,099.20","1,110.10","1,108.00","1,108.45","1,107.57","1,150.40","850.00","12,31,143","1,36,35,81,483.40","66,007"
"11-Oct-2022","EQ","1,121.80","1,127.15","1,103.80","1,118.85","1,106.10","1,110.10","1,113.27","1,150.40","850.00","15,38,943","1,71,32,52,438.20","86,156"
"10-Oct-2022","EQ","1,110.00","1,131.50","1,110.00","1,130.50","1,120.00","1,118.85","1,119.00","1,150.40","850.00","15,83,891","1,77,23,76,720.75","51,481"
"07-Oct-2022","EQ","1,135.00","1,147.20","1,129.05","1,134.45","1,132.50","1,130.50","1,135.92","1,150.40","850.00","11,82,984","1,34,37,74,079.45","69,194"
"06-Oct-2022","EQ","1,150.40","1,150.40","1,124.00","1,144.65","1,135.00","1,134.45","1,132.28","1,150.40","850.00","15,61,938","1,76,85,57,042.25","79,922"
"04-Oct-2022","EQ","1,138.85","1,147.50","1,133.00","1,130.75","1,145.00","1,144.65","1,143.06","1,147.50","850.00","19,11,413","2,18,48,62,277.10","83,482"
"03-Oct-2022","EQ","1,116.80","1,144.90","1,115.00","1,114.95","1,130.00","1,130.75","1,134.29","1,144.90","850.00","26,01,710","2,95,10,89,027.00","87,315"
"30-Sep-2022","EQ","1,119.75","1,128.00","1,105.05","1,115.85","1,110.00","1,114.95","1,116.82","1,128.00","850.00","18,34,565","2,04,88,75,595.95","72,516"
"29-Sep-2022","EQ","1,100.55","1,121.65","1,088.10","1,097.15","1,120.00","1,115.85","1,111.07","1,121.65","850.00","20,93,772","2,32,63,18,353.65","97,726"
"28-Sep-2022","EQ","1,101.00","1,117.70","1,087.65","1,098.70","1,094.00","1,097.15","1,100.57","1,117.70","850.00","34,50,534","3,79,75,37,361.60","97,195"
"27-Sep-2022","EQ","1,070.95","1,104.90","1,069.00","1,065.65","1,102.00","1,098.70","1,086.85","1,104.90","850.00","23,43,041","2,54,65,23,944.30","72,717"
"26-Sep-2022","EQ","1,065.70","1,081.20","1,050.85","1,068.10","1,065.05","1,065.65","1,067.61","1,101.85","850.00","12,19,450","1,30,18,98,595.40","50,615"
"23-Sep-2022","EQ","1,067.25","1,093.00","1,063.25","1,061.90","1,071.50","1,068.10","1,075.66","1,101.85","850.00","32,68,298","3,51,55,91,971.95","1,46,885"
"22-Sep-2022","EQ","1,061.15","1,071.80","1,051.00","1,070.40","1,062.00","1,061.90","1,059.68","1,101.85","850.00","16,34,304","1,73,18,32,814.25","73,898"
"21-Sep-2022","EQ","1,100.00","1,101.85","1,064.25","1,092.30","1,066.15","1,070.40","1,083.60","1,101.85","850.00","22,83,817","2,47,47,46,100.75","81,730"
"20-Sep-2022","EQ","1,041.50","1,097.55","1,039.50","1,036.30","1,093.55","1,092.30","1,076.87","1,097.55","850.00","24,91,392","2,68,29,09,938.30","1,01,476"
"19-Sep-2022","EQ","1,043.95","1,043.95","1,015.00","1,043.50","1,033.40","1,036.30","1,028.85","1,083.00","850.00","20,73,673","2,13,34,88,867.65","82,262"
"16-Sep-2022","EQ","1,038.50","1,060.00","1,034.00","1,033.30","1,043.90","1,043.50","1,048.81","1,083.00","850.00","28,50,439","2,98,95,80,320.60","75,551"
"15-Sep-2022","EQ","1,060.00","1,062.95","1,028.50","1,059.95","1,033.60","1,033.30","1,037.22","1,083.00","850.00","9,27,244","96,17,54,113.55","46,272"
"14-Sep-2022","EQ","1,040.00","1,068.00","1,040.00","1,058.90","1,062.95","1,059.95","1,061.77","1,083.00","850.00","9,98,799","1,06,04,95,698.00","49,830"
"13-Sep-2022","EQ","1,057.05","1,063.00","1,052.65","1,064.75","1,057.10","1,058.90","1,057.97","1,083.00","850.00","11,44,685","1,21,10,45,249.35","37,047"
"12-Sep-2022","EQ","1,058.30","1,068.50","1,057.10","1,058.30","1,064.90","1,064.75","1,064.02","1,083.00","850.00","9,36,787","99,67,60,501.95","28,243"
"09-Sep-2022","EQ","1,060.00","1,065.95","1,055.00","1,056.05","1,055.00","1,058.30","1,060.47","1,083.00","850.00","10,92,235","1,15,82,78,239.85","34,404"
"08-Sep-2022","EQ","1,058.50","1,059.75","1,044.00","1,051.50","1,053.80","1,056.05","1,050.84","1,083.00","850.00","17,55,391","1,84,46,33,274.25","45,428"
"07-Sep-2022","EQ","1,033.85","1,061.85","1,033.00","1,040.85","1,050.15","1,051.50","1,048.33","1,083.00","850.00","24,71,263","2,59,07,07,437.55","58,400"
"06-Sep-2022","EQ","1,025.00","1,042.00","1,024.90","1,025.65","1,040.90","1,040.85","1,038.00","1,083.00","850.00","13,69,910","1,42,19,64,250.30","35,170"
"05-Sep-2022","EQ","1,012.50","1,030.45","1,012.00","1,015.60","1,026.00","1,025.65","1,025.35","1,083.00","850.00","12,75,368","1,30,76,98,595.95","32,252"
"02-Sep-2022","EQ","1,024.00","1,031.20","1,012.05","1,023.00","1,016.00","1,015.60","1,018.72","1,083.00","850.00","16,55,229","1,68,62,12,565.40","56,257"
"01-Sep-2022","EQ","1,026.00","1,044.25","1,019.40","1,038.45","1,024.00","1,023.00","1,030.90","1,083.00","850.00","15,28,731","1,57,59,63,554.85","54,040"
"30-Aug-2022","EQ","1,018.50","1,042.20","1,016.10","1,017.30","1,038.35","1,038.45","1,031.52","1,083.00","850.00","15,71,042","1,62,05,65,965.35","47,513"
"29-Aug-2022","EQ","1,000.00","1,024.00","991.30","1,020.80","1,017.00","1,017.30","1,012.09","1,083.00","850.00","13,05,557","1,32,13,34,773.65","57,944"
"26-Aug-2022","EQ","1,030.90","1,035.70","1,018.50","1,025.75","1,022.50","1,020.80","1,025.95","1,083.00","850.00","12,64,070","1,29,68,70,143.00","40,051"
"25-Aug-2022","EQ","1,043.95","1,043.95","1,020.55","1,037.35","1,020.90","1,025.75","1,029.51","1,083.00","850.00","11,12,617","1,14,54,55,831.90","41,777"
"24-Aug-2022","EQ","1,041.00","1,053.85","1,026.05","1,040.65","1,035.80","1,037.35","1,037.94","1,083.00","850.00","15,62,062","1,62,13,25,688.00","71,820"
"23-Aug-2022","EQ","1,010.20","1,046.80","1,010.20","1,022.55","1,040.90","1,040.65","1,038.22","1,083.00","850.00","18,68,332","1,93,97,43,984.55","66,286"
"22-Aug-2022","EQ","1,016.00","1,029.85","1,015.50","1,030.10","1,024.05","1,022.55","1,022.27","1,083.00","850.00","9,93,053","1,01,51,66,744.05","37,290"
"19-Aug-2022","EQ","1,029.05","1,036.60","1,020.10","1,032.20","1,029.00","1,030.10","1,028.21","1,083.00","850.00","6,54,004","67,24,53,102.25","27,944"
"18-Aug-2022","EQ","1,028.50","1,034.05","1,007.35","1,025.75","1,032.00","1,032.20","1,020.32","1,083.00","850.00","12,01,720","1,22,61,34,429.35","49,033"
"17-Aug-2022","EQ","1,039.75","1,042.95","1,024.20","1,034.55","1,027.00","1,025.75","1,028.87","1,083.00","850.00","11,02,323","1,13,41,49,854.00","49,686"
"16-Aug-2022","EQ","1,027.15","1,036.00","1,025.25","1,027.15","1,036.00","1,034.55","1,031.31","1,083.00","850.00","7,76,409","80,07,20,581.95","36,241"
"12-Aug-2022","EQ","1,043.60","1,043.60","1,022.35","1,038.40","1,028.00","1,027.15","1,030.47","1,083.00","850.00","11,40,717","1,17,54,79,039.00","49,205"
"11-Aug-2022","EQ","1,040.50","1,049.00","1,035.00","1,038.35","1,037.85","1,038.40","1,040.75","1,083.00","850.00","8,38,963","87,31,51,407.20","42,028"
"10-Aug-2022","EQ","1,035.55","1,046.30","1,029.05","1,029.55","1,036.15","1,038.35","1,035.37","1,083.00","850.00","12,93,683","1,33,94,35,119.65","62,526"
"08-Aug-2022","EQ","1,036.20","1,039.50","1,024.10","1,034.20","1,030.75","1,029.55","1,028.91","1,083.00","850.00","7,67,289","78,94,68,930.00","33,730"
"05-Aug-2022","EQ","1,040.00","1,045.95","1,032.00","1,044.50","1,033.60","1,034.20","1,037.60","1,083.00","850.00","15,61,405","1,62,01,10,722.85","55,553"
"04-Aug-2022","EQ","1,017.80","1,046.90","1,015.00","1,011.85","1,044.00","1,044.50","1,033.95","1,083.00","850.00","28,65,077","2,96,23,33,438.80","72,010"
"03-Aug-2022","EQ","1,010.00","1,028.75","1,004.50","1,004.20","1,014.55","1,011.85","1,018.60","1,083.00","850.00","40,52,763","4,12,81,47,189.10","1,10,633"
"02-Aug-2022","EQ","1,003.65","1,006.10","992.00","1,004.55","1,002.50","1,004.20","998.38","1,083.00","850.00","11,84,696","1,18,27,72,034.75","61,355"
"01-Aug-2022","EQ","990.00","1,031.00","988.30","977.40","1,005.00","1,004.55","1,006.93","1,083.00","850.00","46,47,912","4,68,01,05,149.30","1,24,406"
"29-Jul-2022","EQ","973.70","983.95","953.00","967.45","979.00","977.40","967.82","1,083.00","850.00","29,41,566","2,84,69,00,977.55","91,592"
"28-Jul-2022","EQ","977.00","978.95","964.20","974.05","968.00","967.45","969.65","1,083.00","850.00","10,43,837","1,01,21,54,540.00","50,518"
"27-Jul-2022","EQ","956.90","976.25","951.80","955.70","975.95","974.05","968.47","1,083.00","850.00","9,04,733","87,62,11,123.70","40,730"
"26-Jul-2022","EQ","959.95","962.00","944.50","959.80","957.00","955.70","953.95","1,083.00","850.00","9,88,405","94,28,92,891.95","44,913"
"25-Jul-2022","EQ","976.00","979.80","955.05","972.10","955.05","959.80","965.64","1,083.00","850.00","10,24,751","98,95,41,022.35","46,924"
"22-Jul-2022","EQ","973.50","976.50","967.50","968.50","970.00","972.10","972.05","1,083.00","850.00","9,77,238","94,99,27,569.45","48,178"
"21-Jul-2022","EQ","985.00","989.50","966.35","981.50","970.00","968.50","978.50","1,083.00","850.00","16,81,422","1,64,52,65,486.20","58,337"
"20-Jul-2022","EQ","965.70","982.95","958.85","960.65","982.05","981.50","976.53","1,083.00","850.00","16,27,220","1,58,90,29,751.40","50,784"
"19-Jul-2022","EQ","958.20","974.00","955.40","967.35","960.50","960.65","963.33","1,083.00","850.00","11,62,631","1,11,99,96,648.95","56,026"
"18-Jul-2022","EQ","971.65","975.40","960.05","966.05","965.85","967.35","966.39","1,083.00","850.00","8,46,036","81,76,00,379.15","41,755"
"15-Jul-2022","EQ","963.00","968.00","951.50","951.15","965.50","966.05","959.94","1,083.00","850.00","10,46,876","1,00,49,39,563.85","36,090"
"14-Jul-2022","EQ","953.40","968.65","945.15","953.35","953.00","951.15","957.96","1,083.00","850.00","17,13,101","1,64,10,87,009.25","57,175"
"13-Jul-2022","EQ","940.45","958.90","932.15","935.75","953.05","953.35","950.48","1,083.00","850.00","15,11,059","1,43,62,28,925.10","58,517"
"12-Jul-2022","EQ","941.90","947.35","934.00","947.55","934.50","935.75","940.79","1,083.00","850.00","6,72,406","63,25,90,824.45","32,806"
"11-Jul-2022","EQ","938.00","950.00","927.05","935.45","944.85","947.55","939.84","1,083.00","850.00","10,37,956","97,55,11,952.70","32,854"
"08-Jul-2022","EQ","942.25","942.25","927.85","935.25","933.90","935.45","933.61","1,083.00","850.00","10,72,803","1,00,15,80,960.45","36,298"
"07-Jul-2022","EQ","950.35","950.35","933.30","945.60","935.00","935.25","939.73","1,083.00","850.00","13,90,277","1,30,64,81,442.40","37,479"
"06-Jul-2022","EQ","940.00","950.00","933.15","937.40","946.05","945.60","941.38","1,083.00","850.00","13,90,651","1,30,91,26,077.35","47,838"
"05-Jul-2022","EQ","935.00","949.65","930.25","930.65","938.00","937.40","941.55","1,083.00","850.00","15,32,205","1,44,26,46,149.65","45,160"
"04-Jul-2022","EQ","944.60","950.00","928.50","949.30","932.25","930.65","934.63","1,083.00","850.00","10,04,832","93,91,44,464.05","35,920"
"01-Jul-2022","EQ","911.20","956.05","911.20","917.20","948.00","949.30","935.20","1,083.00","850.00","17,93,834","1,67,76,01,214.50","66,263"
"30-Jun-2022","EQ","944.00","944.00","911.40","947.65","914.00","917.20","921.92","1,083.00","850.00","24,33,648","2,24,36,17,850.55","97,638"
"29-Jun-2022","EQ","937.05","961.90","922.90","945.10","950.00","947.65","938.57","1,083.00","850.00","24,55,089","2,30,42,66,939.60","67,484"
"28-Jun-2022","EQ","935.00","947.80","921.85","932.35","947.30","945.10","934.11","1,083.00","850.00","9,31,109","86,97,57,009.65","34,709"
"27-Jun-2022","EQ","936.00","946.40","930.55","933.70","933.00","932.35","937.45","1,083.00","850.00","8,46,797","79,38,32,936.10","34,970"
"24-Jun-2022","EQ","933.00","943.50","930.00","933.35","933.00","933.70","936.16","1,083.00","850.00","7,22,838","67,66,90,676.80","20,071"
"23-Jun-2022","EQ","917.00","937.30","914.40","916.90","933.55","933.35","928.66","1,083.00","850.00","6,15,616","57,17,00,741.25","34,726"
"22-Jun-2022","EQ","931.00","945.00","912.80","938.20","916.10","916.90","924.91","1,083.00","850.00","16,98,830","1,57,12,63,428.95","44,900"
"21-Jun-2022","EQ","927.10","944.45","927.10","925.85","936.60","938.20","938.15","1,083.00","850.00","5,21,963","48,96,78,816.70","24,912"
"20-Jun-2022","EQ","914.75","928.15","902.00","914.75","925.15","925.85","915.89","1,083.00","850.00","9,42,685","86,33,92,022.00","32,515"
"17-Jun-2022","EQ","932.20","944.55","910.80","940.95","918.00","914.75","921.28","1,083.00","850.00","27,15,476","2,50,17,07,078.80","56,570"
"16-Jun-2022","EQ","976.00","977.75","927.80","968.80","948.25","940.95","943.63","1,083.00","850.00","18,98,194","1,79,11,96,787.55","62,952"
"15-Jun-2022","EQ","965.00","974.90","964.00","964.70","966.40","968.80","969.23","1,083.00","850.00","11,12,618","1,07,83,84,642.95","44,256"
"14-Jun-2022","EQ","955.00","970.80","950.80","954.75","968.05","964.70","960.53","1,083.00","850.00","15,70,434","1,50,84,52,888.75","60,183"
"13-Jun-2022","EQ","955.00","984.75","947.80","966.80","956.60","954.75","966.30","1,083.00","850.00","30,16,612","2,91,49,47,660.45","94,991"
"10-Jun-2022","EQ","960.00","971.60","960.00","971.95","966.15","966.80","966.18","1,083.00","850.00","7,76,457","75,01,98,088.30","25,594"
"09-Jun-2022","EQ","962.90","974.30","955.00","962.95","970.40","971.95","967.57","1,083.00","850.00","14,05,851","1,36,02,53,367.65","47,268"
"08-Jun-2022","EQ","972.00","976.05","956.90","972.75","963.70","962.95","963.79","1,083.00","850.00","18,74,689","1,80,68,09,744.90","56,693"
"07-Jun-2022","EQ","971.55","979.65","962.00","976.05","972.30","972.75","971.40","1,083.00","850.00","17,59,986","1,70,96,54,534.25","40,232"
"06-Jun-2022","EQ","960.95","979.70","960.50","960.95","975.30","976.05","973.81","1,083.00","850.00","14,12,548","1,37,55,55,391.40","43,575"
"03-Jun-2022","EQ","990.05","998.75","957.15","987.10","963.00","960.95","973.12","1,083.00","850.00","10,57,504","1,02,90,82,395.85","35,385"
"02-Jun-2022","EQ","977.50","1,006.85","977.50","983.55","985.00","987.10","990.64","1,083.00","850.00","26,39,988","2,61,52,76,578.70","66,592"
"01-Jun-2022","EQ","994.50","998.65","980.35","992.95","982.30","983.55","988.29","1,083.00","850.00","12,85,579","1,27,05,24,433.35","37,610"
"31-May-2022","EQ","988.90","1,004.90","978.70","986.80","995.80","992.95","993.37","1,083.00","850.00","48,74,664","4,84,23,25,513.75","84,198"
"30-May-2022","EQ","968.40","992.00","968.00","966.35","986.45","986.80","986.51","1,083.00","850.00","21,71,285","2,14,20,01,936.90","61,061"
"27-May-2022","EQ","970.10","977.80","960.00","964.55","964.15","966.35","966.75","1,083.00","850.00","12,49,374","1,20,78,28,304.90","57,924"
"26-May-2022","EQ","972.10","977.35","960.25","971.85","968.00","964.55","966.60","1,083.00","850.00","16,30,614","1,57,61,44,756.70","55,973"
"25-May-2022","EQ","972.40","985.90","969.45","970.40","970.05","971.85","976.31","1,083.00","850.00","19,50,710","1,90,44,89,275.80","50,436"
"24-May-2022","EQ","977.00","977.70","961.75","970.05","971.95","970.40","970.72","1,083.00","850.00","16,22,192","1,57,46,99,969.60","46,794"
"23-May-2022","EQ","978.80","987.70","966.45","978.40","969.90","970.05","978.03","1,083.00","850.00","12,20,231","1,19,34,25,804.75","43,242"
"20-May-2022","EQ","950.00","982.60","939.00","938.00","976.00","978.40","973.13","1,083.00","850.00","25,94,816","2,52,51,06,057.30","76,007"
"19-May-2022","EQ","940.00","953.95","934.40","957.10","936.20","938.00","943.51","1,083.00","850.00","11,98,917","1,13,11,93,590.40","54,322"
"18-May-2022","EQ","945.80","961.20","941.35","938.00","954.00","957.10","953.62","1,083.00","850.00","25,80,102","2,46,04,25,202.05","76,977"
"17-May-2022","EQ","935.00","941.05","916.20","933.40","940.00","938.00","927.05","1,083.00","850.00","23,01,253","2,13,33,85,049.90","72,206"
"16-May-2022","EQ","926.05","945.00","926.05","934.60","930.10","933.40","935.40","1,083.00","850.00","14,56,551","1,36,24,62,159.70","62,190"
"13-May-2022","EQ","924.10","940.10","922.20","920.75","932.80","934.60","932.44","1,083.00","850.00","17,34,146","1,61,69,81,013.60","74,001"
"12-May-2022","EQ","935.00","937.00","915.50","937.60","920.05","920.75","924.27","1,083.00","850.00","22,42,769","2,07,29,13,945.55","79,976"
"11-May-2022","EQ","912.00","942.60","904.25","926.15","938.00","937.60","926.67","1,083.00","850.00","52,96,875","4,90,84,63,779.15","1,18,114"
"10-May-2022","EQ","930.00","939.60","918.55","938.30","923.45","926.15","927.01","1,083.00","850.00","16,62,201","1,54,08,84,213.15","66,879"
"09-May-2022","EQ","934.75","942.00","922.00","934.75","934.95","938.30","935.14","1,083.00","850.00","20,47,297","1,91,45,14,026.55","63,159"
"06-May-2022","EQ","937.80","946.35","925.40","948.40","935.90","934.75","934.77","1,083.00","850.00","18,28,238","1,70,89,87,304.40","79,250"
"05-May-2022","EQ","959.95","967.20","944.00","957.55","944.00","948.40","956.80","1,083.00","850.00","21,61,283","2,06,79,07,778.50","73,523"
"04-May-2022","EQ","977.50","983.00","947.05","976.60","954.65","957.55","957.23","1,083.00","850.00","20,86,372","1,99,71,37,868.65","93,461"
"02-May-2022","EQ","979.00","989.75","971.80","981.20","979.70","976.60","980.26","1,083.00","850.00","17,67,117","1,73,22,30,238.05","81,680"
"29-Apr-2022","EQ","981.30","994.90","976.50","981.20","980.00","981.20","984.43","1,083.00","850.00","19,72,427","1,94,17,26,069.40","71,646"
"28-Apr-2022","EQ","988.00","990.60","977.95","977.75","980.10","981.20","982.98","1,083.00","850.00","18,40,948","1,80,96,19,521.90","71,138"
"27-Apr-2022","EQ","965.20","980.25","964.00","978.40","978.80","977.75","973.02","1,083.00","850.00","10,33,333","1,00,54,52,058.10","30,055"
"26-Apr-2022","EQ","958.15","980.60","957.05","953.15","978.40","978.40","973.68","1,083.00","850.00","18,06,747","1,75,91,97,146.45","77,969"
"25-Apr-2022","EQ","957.10","963.00","946.30","967.00","955.75","953.15","953.98","1,083.00","850.00","13,09,361","1,24,90,97,758.95","49,069"
"22-Apr-2022","EQ","998.00","998.55","959.00","998.55","969.00","967.00","973.65","1,083.00","850.00","24,55,188","2,39,04,81,524.85","80,635"
"21-Apr-2022","EQ","1,016.05","1,020.00","996.70","1,012.05","1,000.00","998.55","1,002.68","1,083.00","850.00","15,26,774","1,53,08,71,143.30","63,427"
"20-Apr-2022","EQ","1,001.90","1,015.00","990.05","1,000.30","1,009.15","1,012.05","1,006.00","1,083.00","850.00","17,96,999","1,80,77,82,815.50","62,314"
"19-Apr-2022","EQ","1,034.70","1,038.90","980.35","1,027.85","988.75","1,000.30","1,016.18","1,083.00","850.00","18,13,890","1,84,32,46,102.75","49,065"
"18-Apr-2022","EQ","1,016.60","1,035.00","1,010.10","1,016.60","1,029.75","1,027.85","1,021.60","1,083.00","850.00","20,92,141","2,13,73,26,607.90","67,250"
"13-Apr-2022","EQ","1,031.00","1,033.80","1,012.20","1,027.25","1,017.35","1,016.60","1,020.40","1,083.00","850.00","18,90,795","1,92,93,58,658.00","48,635"
"12-Apr-2022","EQ","1,021.50","1,031.70","1,013.00","1,025.50","1,027.00","1,027.25","1,022.52","1,083.00","850.00","27,46,930","2,80,87,84,584.65","71,421"
"11-Apr-2022","EQ","1,012.00","1,028.30","1,011.60","1,011.60","1,027.25","1,025.50","1,020.07","1,083.00","850.00","20,94,493","2,13,65,20,894.20","76,675"
"08-Apr-2022","EQ","1,038.45","1,038.45","1,005.00","1,036.70","1,012.75","1,011.60","1,012.13","1,083.00","806.10","30,01,682","3,03,80,98,105.10","93,498"
"07-Apr-2022","EQ","1,036.00","1,062.65","1,032.30","1,029.00","1,034.30","1,036.70","1,045.65","1,083.00","806.10","34,96,357","3,65,59,77,298.25","99,457"
"06-Apr-2022","EQ","1,014.00","1,033.85","1,014.00","1,021.45","1,029.90","1,029.00","1,026.33","1,083.00","806.10","14,87,844","1,52,70,23,169.05","60,331"
"05-Apr-2022","EQ","1,035.00","1,036.00","1,017.00","1,027.80","1,018.00","1,021.45","1,025.55","1,083.00","806.10","15,96,381","1,63,71,71,801.35","52,822"
"04-Apr-2022","EQ","1,018.00","1,029.65","1,003.45","1,014.85","1,027.50","1,027.80","1,016.74","1,083.00","806.10","16,65,075","1,69,29,48,087.30","47,501"
"01-Apr-2022","EQ","1,023.00","1,025.90","1,006.00","1,018.05","1,018.65","1,014.85","1,013.93","1,083.00","790.25","12,85,646","1,30,35,50,557.95","37,132"
"31-Mar-2022","EQ","1,030.00","1,035.00","1,013.60","1,028.95","1,019.65","1,018.05","1,018.46","1,083.00","790.25","19,76,418","2,01,28,93,683.05","63,104"
"30-Mar-2022","EQ","1,043.00","1,054.80","1,025.20","1,038.85","1,028.00","1,028.95","1,037.63","1,083.00","790.25","30,83,750","3,19,98,04,897.50","90,269"
"29-Mar-2022","EQ","1,020.20","1,041.00","1,020.20","1,017.10","1,039.90","1,038.85","1,033.24","1,083.00","790.25","31,94,089","3,30,02,48,645.50","81,352"
"28-Mar-2022","EQ","1,022.00","1,044.25","1,008.90","1,013.50","1,018.95","1,017.10","1,021.72","1,083.00","790.25","38,47,112","3,93,06,85,238.00","1,01,038"
"25-Mar-2022","EQ","1,033.30","1,033.30","1,006.00","1,029.00","1,017.00","1,013.50","1,013.59","1,083.00","758.70","16,80,031","1,70,28,66,368.35","53,697"
"24-Mar-2022","EQ","1,014.00","1,040.10","1,001.75","1,014.45","1,028.00","1,029.00","1,023.11","1,083.00","758.70","33,44,649","3,42,19,46,129.75","1,02,752"
"23-Mar-2022","EQ","1,044.90","1,044.90","1,011.25","1,032.60","1,015.05","1,014.45","1,026.04","1,083.00","758.70","27,81,735","2,85,41,77,182.25","84,352"
"22-Mar-2022","EQ","1,045.00","1,049.25","1,024.00","1,050.30","1,034.00","1,032.60","1,033.05","1,083.00","758.70","22,69,544","2,34,45,57,834.85","52,551"
"21-Mar-2022","EQ","1,067.80","1,071.00","1,049.10","1,048.50","1,051.20","1,050.30","1,057.97","1,083.00","758.70","20,39,889","2,15,81,31,933.75","59,243"
"17-Mar-2022","EQ","1,056.00","1,066.40","1,045.70","1,055.80","1,046.70","1,048.50","1,051.92","1,083.00","738.10","37,12,730","3,90,54,91,242.05","98,533"
"16-Mar-2022","EQ","1,077.00","1,078.00","1,049.15","1,068.05","1,053.70","1,055.80","1,056.28","1,083.00","738.10","33,79,138","3,56,93,07,835.50","87,930"
"15-Mar-2022","EQ","1,045.00","1,083.00","1,045.00","1,048.65","1,070.00","1,068.05","1,068.56","1,083.00","738.10","79,45,333","8,49,00,93,362.20","1,86,096"
"14-Mar-2022","EQ","1,045.00","1,058.00","1,036.75","1,043.95","1,047.60","1,048.65","1,046.67","1,058.00","738.10","55,90,771","5,85,17,19,161.00","1,38,196"
"11-Mar-2022","EQ","984.25","1,053.75","981.35","987.05","1,045.00","1,043.95","1,023.44","1,053.75","738.10","1,11,06,725","11,36,70,99,739.15","2,11,764"
"10-Mar-2022","EQ","982.05","992.90","975.00","981.55","985.00","987.05","985.08","1,005.00","738.10","41,46,797","4,08,49,46,701.00","95,573"
"09-Mar-2022","EQ","969.55","987.55","960.05","969.55","981.50","981.55","979.44","1,005.00","738.10","35,01,351","3,42,93,56,796.05","95,960"
"08-Mar-2022","EQ","938.00","977.00","935.40","941.15","974.25","969.55","961.55","1,005.00","738.10","58,26,939","5,60,29,05,969.55","1,11,379"
"07-Mar-2022","EQ","921.90","946.00","917.05","931.20","940.05","941.15","934.28","1,005.00","738.10","26,04,231","2,43,30,71,165.15","88,703"
"04-Mar-2022","EQ","929.00","941.00","920.25","934.90","932.05","931.20","933.84","1,005.00","738.10","24,53,781","2,29,14,40,069.00","1,04,407"
"03-Mar-2022","EQ","925.00","945.00","919.55","923.10","934.30","934.90","936.40","1,005.00","738.10","26,22,469","2,45,56,86,571.95","79,014"